{"cameraMode":{"drawMode":0,"name":"Shaded","section":"Shading Mode"},"sceneLighting":false,"audioPlay":false,"sceneViewState":{"m_AlwaysRefresh":false,"showFog":true,"showSkybox":false,"showFlares":true,"showImageEffects":true,"showParticleSystems":true,"showVisualEffectGraphs":true,"m_FxEnabled":true},"in2DMode":false,"pivot":{"x":-9.17800521850586,"y":-1.0744428634643555,"z":14.753982543945313},"rotation":{"x":0.22537371516227723,"y":0.02630443125963211,"z":-0.006075834855437279,"w":0.9739574790000916},"size":11.71323299407959,"orthographic":false}