{"cameraMode":{"drawMode":0,"name":"Shaded","section":"Shading Mode"},"sceneLighting":true,"audioPlay":false,"sceneViewState":{"m_AlwaysRefresh":false,"showFog":true,"showSkybox":false,"showFlares":true,"showImageEffects":true,"showParticleSystems":true,"showVisualEffectGraphs":true,"m_FxEnabled":true},"in2DMode":false,"pivot":{"x":23.341306686401368,"y":8.49648666381836,"z":-10.159771919250489},"rotation":{"x":0.017952384427189828,"y":-0.9770307540893555,"z":0.05228600651025772,"w":0.2071351408958435},"size":1.6544747352600098,"orthographic":false}