{"cameraMode":{"drawMode":0,"name":"Shaded","section":"Shading Mode"},"sceneLighting":false,"audioPlay":false,"sceneViewState":{"m_AlwaysRefresh":false,"showFog":true,"showSkybox":false,"showFlares":true,"showImageEffects":true,"showParticleSystems":true,"showVisualEffectGraphs":true,"m_FxEnabled":true},"in2DMode":false,"pivot":{"x":-4.23835563659668,"y":-0.39067980647087099,"z":3.2021119594573976},"rotation":{"x":0.054028671234846118,"y":0.9398034811019898,"z":-0.1762532889842987,"w":0.2879292666912079},"size":5.0853047370910648,"orthographic":false}