{"cameraMode":{"drawMode":0,"name":"Shaded","section":"Shading Mode"},"sceneLighting":false,"audioPlay":false,"sceneViewState":{"m_AlwaysRefresh":false,"showFog":true,"showSkybox":false,"showFlares":true,"showImageEffects":true,"showParticleSystems":true,"showVisualEffectGraphs":true,"m_FxEnabled":true},"in2DMode":false,"pivot":{"x":-10.665079116821289,"y":1.7965686321258546,"z":14.561726570129395},"rotation":{"x":-0.01887335628271103,"y":0.05006634071469307,"z":-0.0009585631778463721,"w":-0.9986210465431213},"size":9.338833808898926,"orthographic":false}