{"cameraMode":{"drawMode":0,"name":"Shaded","section":"Shading Mode"},"sceneLighting":false,"audioPlay":false,"sceneViewState":{"m_AlwaysRefresh":false,"showFog":true,"showSkybox":false,"showFlares":true,"showImageEffects":true,"showParticleSystems":true,"showVisualEffectGraphs":true,"m_FxEnabled":true},"in2DMode":false,"pivot":{"x":12.843127250671387,"y":6.151522159576416,"z":-11.624780654907227},"rotation":{"x":0.0026652803644537927,"y":-0.9740201234817505,"z":-0.01819344237446785,"w":0.22692464292049409},"size":1.3916494846343995,"orthographic":false}